pitch,roll,yaw
0.11212639978712595,350.6859698496298,257.26158541042133
0.9489124184177593,347.3807286121393,260.1296023334772
0.9443194363660431,347.3771897203756,260.12665852194493
0.9381445184695284,347.38174033391016,260.12081871020456
0.9338767174553283,347.3795410129974,260.11527942678765
0.9341017935328213,347.37108950767316,260.1103821811528
0.9325383205431231,347.3782125412038,260.09462493473757
0.9284294281488316,347.3862516738569,260.0823579149882
0.9193564823318217,347.4054342601409,260.06231130977426
0.9107411591892025,347.4145551240038,260.0529129694763
0.9076488977641851,347.4097842368686,260.04746247851864
0.9059069860824203,347.4163096288469,260.0406391195378
0.9028880424692747,347.4356023519312,260.0237548919095
0.9007841307614991,347.4443390176533,260.0136598723162
0.8943228251675199,347.45346073528987,260.00352387158796
0.8883840824058996,347.453648565492,260.001556777107
0.8820816320709761,347.4760157274765,259.9869674930398
0.8794982197391247,347.4846081054524,259.97735058668843
0.8743766984395258,347.50737824859795,259.955719377587
0.8698447612035165,347.5207218769152,259.9440602446738
0.8641012124417705,347.529191311486,259.93678609320773
0.8553148677656367,347.54192363787257,259.9321005834371
0.8448797794568852,347.5634882526296,259.91783231826093
0.8424838238012388,347.5796800698308,259.91505243126875
0.8408072791642651,347.57976117832715,259.91612477096845
0.8408380150155302,347.5932969057148,259.91486801616117
0.8360870848392574,347.6169336291113,259.9044656380552
0.8278541455684533,347.63203090849794,259.9017882039006
0.8178220917815855,347.64783255114276,259.8960918261328
0.8075437776586271,347.67471190684773,259.88022529669087
0.8038662010382511,347.6915636910774,259.87162608852583
0.8032531381993896,347.7087185649516,259.86207748406616
0.8040276176182456,347.71533274938906,259.86064314434043
0.7965747072949981,347.732036830778,259.85159997387933
0.7875191571160306,347.73501052438786,259.84815755853765
0.7769462910851153,347.761450186665,259.8320861234206
0.7733306664149455,347.77760273027843,259.8264512173554
0.770764863164548,347.7969441184606,259.8258501607084
0.7687151660833095,347.81422022819254,259.8243270285235
0.7619740361767713,347.840603541409,259.81955272629364
0.7539342098325788,347.8564666557563,259.8176539337044
0.7457599141391015,347.8746853315937,259.8161308015195
0.7366446531657492,347.9014827250286,259.80405502706685
0.7328569931058598,347.91953662255224,259.79979981921394
0.7306395828639858,347.93526996330536,259.7946566867689
0.7255340164594013,347.9527757381481,259.7872869126545
0.7167270744940516,347.97930077778983,259.77107887375405
0.709784507367851,347.99850812350957,259.75831325019533
0.7006155653764907,348.00457418526616,259.74907200424826
0.695577927337636,348.0068426618443,259.74587547571673
0.6936798818003129,348.02292434224506,259.74381958877655
0.6951612857982653,348.03053146543317,259.7496115891927
0.6888898381188713,348.0456278910462,259.74886709857316
0.6818858526509934,348.06038878361625,259.74459140015273
0.6793349904394053,348.07900104910453,259.74201641883565
0.6774523128277147,348.09459607852693,259.7383895883864
0.6782532058687516,348.10486441417044,259.74049328665075
0.6720629200466044,348.1169965376837,259.73282981440195
0.6663772678102448,348.13557038335784,259.7295581537895
0.6626694889471328,348.1520345543522,259.72798721028045
0.6591367336815024,348.16833138571184,259.7263069837446
0.6545790231535469,348.19876329355884,259.7195792474122
0.64946289130009,348.2129888700527,259.71090490716625
0.6475605235336828,348.22567338511504,259.70718928425777
0.6443014560825289,348.2425191929292,259.6981392836075
0.6381692802291797,348.2603468404366,259.6883038112027
0.6331910861804454,348.2802107380903,259.67211626286974
0.6279392043172345,348.29563842787803,259.6588725260691
0.6251919741670084,348.30578211256915,259.6544260729194
0.6208101943710337,348.3245745242968,259.65064897830837
0.6155314186379658,348.34181477553557,259.6507377707676
0.6094940116593506,348.3588398758155,259.65006841222896
0.604841158730691,348.3760340232773,259.6478486007487
0.6031104528280332,348.39575107186386,259.6421249022242
0.6023876800756284,348.4106135634978,259.6370705622384
0.5963849042905391,348.428588913846,259.62720093888777
0.5880579965577944,348.4485006228239,259.6169010136193
0.581799942452476,348.4676840628815,259.6113753905808
0.5776610612588599,348.4874608756233,259.60319282395517
0.5795740478349923,348.4987067820917,259.6006929747189
0.5752571548361327,348.5180891514089,259.59281093641675
0.5669473759371659,348.5384943415543,259.58745606810743
0.5584489664232305,348.5570861164751,259.58221048282485
0.557113184192817,348.57664436316344,259.57536663327653
0.5572839389220673,348.5972237231327,259.5689462554567
0.554957299014326,348.60874369094154,259.56964976494123
0.5468836418894006,348.6286750367133,259.56697916097573
0.5365580500507809,348.64607067475566,259.561644783234
0.5359360225886338,348.66513714782377,259.5547121412264
0.5358322890906142,348.68618096065654,259.54542991414434
0.5298154794012148,348.70499300917805,259.53932372502635
0.5210691020038961,348.71928774133727,259.5336614982044
0.5110936107210925,348.73961694562814,259.52202968604786
0.509330087893907,348.7596319612172,259.51617621392916
0.5084852255100881,348.77988859474823,259.507249156684
0.5050281892947096,348.79978066693224,259.49949689197604
0.499333252269947,348.81190766780355,259.4995037221652
0.48951453517293636,348.83122685787094,259.49213394805076
0.4851883040248208,348.8513110291254,259.4830224756979
0.4860531767284737,348.87300200238207,259.4710696446504
0.479940797751547,348.89640649934677,259.4607082476795
0.47105568213671245,348.9040332593287,259.45676039833927
0.4618397825948083,348.9193251991067,259.4489261713612
0.45934281484463974,348.93944949772253,259.44169983121935
0.4594200813596255,348.9585765887195,259.4330937928652
0.45681601837770525,348.9778436985944,259.42575816969656
0.4481614750082115,348.9981259453348,259.41962465982186
0.4379944182635302,349.00641950253447,259.41422881037755
0.43429362967214685,349.02171998004894,259.41204314984316
0.4346398348857019,349.04090683520116,259.4048919417822
0.43100649441237243,349.0582563694667,259.3998512621747
0.421794890419126,349.07299762524286,259.39108812946955
0.4147105168263683,349.07744834726077,259.384155487462
0.4126242675608996,349.1074960569669,259.3700443166368
0.412886802957122,349.1211461900232,259.3639791086538
0.41088507728263224,349.1372150638193,259.3536791833854
0.40474372336258585,349.15025133362394,259.34432865441164
0.39856096142069625,349.1663663111969,259.33196601201394
0.3940298779583333,349.1923218838166,259.31907744505014
0.3907769470052618,349.2079672858842,259.3091941613211
0.3898211207278567,349.2197339942768,259.3000007266983
0.3862774531678101,349.23520864161515,259.2884713673793
0.3786867918028252,349.25034604836316,259.2778709137874
0.3743815581503222,349.2656140824791,259.26507796947203
0.3736442979263575,349.2903111927442,259.2508711759984
0.37492797328392324,349.30156307562817,259.24021608089316
0.372558271167899,349.3180221239806,259.22896675933015
0.36686178667840263,349.331889115543,259.21687732449925
0.3630688172136506,349.34625129582025,259.2043166066156
0.36184447912449935,349.36172338183763,259.19312192656594
0.3625907039717497,349.3735686374057,259.1826649069466
0.36029271884201064,349.3851859354103,259.1684239625272
0.35353368636932764,349.40065460633303,259.15046056501
0.3502807554162562,349.41552478192983,259.1381389037473
0.34905470977981246,349.4163324517992,259.12291441208737
0.34890743382583406,349.42695851860043,259.10973214698924
0.34462994781683426,349.43917175061006,259.0946715798693
0.33965620939931623,349.45059865709146,259.0787913900491
0.33652195298307375,349.4649847430308,259.06130610577384
0.3348907650710572,349.47661484764006,259.0490527464028
0.3360685724964877,349.4856050841351,259.0437866705528
0.3282034762650858,349.49788149539455,259.0348801038751
0.3236694579558138,349.50964308114527,259.0221896123972
0.3231123439712082,349.52463620014714,259.01192383807467
0.32527199108982807,349.5346757244534,259.0027167430735
0.3216651709603853,349.5479271452169,258.99475957269044
0.31470680902172904,349.561596915067,258.98798402503377
0.3124037279305389,349.58351072324535,258.9829365152371
0.31448696230781925,349.59552417222176,258.9797331565164
0.3146436297719064,349.60509753611717,258.97686447706496
0.31086648180003645,349.6177914426896,258.9739753070461
0.3067777064472847,349.6327546796138,258.97407092969445
0.3032874264205553,349.6450464587989,258.97367477872257
0.3033689618037723,349.6552166104731,258.96827209908906
0.304009292038461,349.66476009229086,258.9672748914703
0.29859332555261114,349.6774659516944,258.9641739855871
0.29244650214514345,349.6930883018735,258.962001985431
0.2877344453502016,349.7058180669391,258.9598914569775
0.2853229350059375,349.71680527999274,258.9593928531681
0.28430310238548995,349.72902192709694,258.9520845507562
0.2794864849993087,349.7400714656267,258.9425359462965
0.2754233228559445,349.76350840598997,258.92544681299313
0.2702126889320181,349.77438121337497,258.91084386854766
0.2656551918474742,349.7868360633265,258.89484756551144
0.2647510188756673,349.79913638024806,258.8809959418747
0.26544345598320385,349.79778827166064,258.87045012979615
0.2647663868012999,349.8067050836221,258.85976088374514
0.2608752867280818,349.8166728909421,258.8481973734803
0.2562759547348716,349.8370217320268,258.8377881651852
0.25291035234092135,349.84853743096744,258.82542552278744
0.25093554721671496,349.86074810165616,258.8145518616288
0.25095347646328625,349.8723414939986,258.8039240872803
0.24884078689521022,349.8798470181228,258.79396567147035
0.24510379296514054,349.890528580211,258.7806399723997
0.2396421495892162,349.90159092534554,258.76411774479743
0.2355888325232103,349.9121324685558,258.74603140387524
0.2339926760111165,349.925227648742,258.72627849679554
0.23359780569972516,349.934596960736,258.704360419749
0.2329314353688258,349.943809178379,258.68925204130494
0.23063006182492818,349.95282673563077,258.67621321017936
0.22782498851016855,349.96411447700785,258.6632085299997
0.22351722021715326,349.97529208158454,258.65193188767995
0.22334048907237916,349.98481848792943,258.6440498493778
0.22262886873822846,349.9969028001185,258.63541649026683
0.22157615249218704,350.008283602823,258.6285726407185
0.21866092903684775,350.01781257048884,258.6229787157883
0.2144428336571153,350.0258739012567,258.6175896965331
0.2116718846077793,350.033041331017,258.61383309248964
0.2102857697528766,350.0513197710096,258.60518607300037
0.2106836416122431,350.06124830474187,258.597297204509
0.20988876500736964,350.071473951703,258.5881447510212
0.20801941426868853,350.0779839757557,258.58024222215147
0.2059835776689884,350.0834754478484,258.5732549386306
0.20306579289271035,350.09202513714195,258.5613089377722
0.201724928041059,350.09959896315786,258.5503601445327
0.19784065815701093,350.1096760535046,258.53504686041356
0.1962978891782343,350.1159939784868,258.51900274605316
0.19545477436234762,350.12301797427455,258.5028083675311
0.19336174826856184,350.13242143721436,258.4836565170983
0.19166229848548483,350.138668498984,258.466888402686
0.18991076850998645,350.14378687199326,258.4519166280253
0.19058140770911708,350.16407338760183,258.4344245135609
0.1889515538184228,350.17330951090696,258.4175471161218
0.1858766613510212,350.1802669123503,258.40113417154623
0.184012873481254,350.18509670986714,258.38434556656637
0.18514198912842172,350.19035851684896,258.36876590506955
0.1824726524832029,350.1953385785276,258.35615054567256
0.17975635828744022,350.2018682393741,258.34152711065957
0.1777256443296176,350.2086224426896,258.3189396750743
0.17730644146930805,350.2250089202821,258.29321718266004
0.1773090027902468,350.23057637822933,258.2738535963631
0.1739532321334417,350.235942345596,258.25791193484025
0.1711985181235977,350.24301842157615,258.244080801771
0.16880025461106377,350.2339880577197,258.2334120462874
0.16916908482624446,350.24136893089155,258.2227774417497
0.16844295034010748,350.24794128042043,258.21595408276886
0.16560371273928456,350.25315271475716,258.20525117633946
0.16183770384545557,350.2565225593389,258.1934281188862
0.16139886419128224,350.2632272437829,258.18017755189635
0.16140227928586726,350.27015049428036,258.16560192820754
0.1595649450589206,350.27642829190125,258.1503023044667
0.15709156280572972,350.2811368535603,258.1335478504327
0.1544568039931841,350.28564904728074,258.1157142265098
0.1540435775483983,350.2892946607503,258.1022177727098
0.15558506586670556,350.29660808580405,258.08960241331283
0.15458828513470685,350.3018826993906,258.08290199773705
0.15313729682290225,350.3070787658017,258.07129750633715
0.151790028668904,350.3126539077117,258.0565989392433
0.15296056567812819,350.31539025224794,258.0418320702577
0.15331232042038384,350.3203301865652,258.02857467307877
0.15186814895753603,350.3224168093566,258.0207336159116
0.15013925732387656,350.3266856775879,258.0114513888295
0.14930255915055,350.33141558358807,258.00675904886975
0.14826905281154923,350.33746969251365,258.002592633476
0.14866009448174566,350.3408617352102,258.0051471242256
0.14517412334388718,350.3453355091166,258.00606919976354
0.1423617796129212,350.3497589103778,258.01066591707496
0.14001175431140048,350.3538006748191,258.01550169100733
0.13982093590146324,350.3573481043193,258.013076973852
0.14118570641520964,350.3622837697683,258.01184753980135
0.13807411502123249,350.3681551711336,258.01180655866636
0.1355311368756589,350.3720355723558,258.0164169363561
0.13632644036735547,350.37473349707795,258.01877335161976
0.13740646402986376,350.3783509360171,258.01334335122965
0.13760838149720225,350.38417708737916,258.0083641433247
0.13402721459778671,350.3897138094751,258.00580282238593
0.13105224032742305,350.3957004702826,258.0053178789549
0.13465772643554352,350.40238381038546,258.00420455812014
0.13673497105708687,350.40779417398176,258.00182765228897
0.13755245932337276,350.4101693722656,257.9991228973777
0.13652024698505458,350.41375692912715,257.9980847086238
0.13243108476611937,350.429167543442,257.99522968955074
0.13160505876337095,350.43527800142823,257.99509308576734
0.13286480177841517,350.4383319497609,257.9922517270726
0.13190942906825964,350.4418230302004,257.9866304813857
0.13063558544783904,350.4326415484086,257.98017595262
0.12691910876570583,350.4333979918592,257.9732364804233
0.12691398612382834,350.43569549674123,257.9721231595886
0.12621816060213328,350.43775479877604,257.9698760273517
0.12383313058111624,350.43074617091395,257.96812066873497
0.12036766335098102,350.4367763741774,257.9681548196808
0.1207411893212161,350.4396091951357,257.96988968772996
0.12366237585186592,350.4403306338668,257.9694184046773
0.12360005037568955,350.44400783696113,257.96995798962166
0.1207860124376443,350.4459501720064,257.9706410085387
0.11516603407097996,350.4478293278018,257.9755382541736
0.11490221801428821,350.4506886157431,257.9859064813337
0.11794976304458328,350.45627912557876,257.9985491614874
0.11820973711986689,350.44714460133747,258.01142406807287
0.11512505293595988,350.4542257999595,258.02212697450227
0.11196308889685389,350.4545246207357,258.03793203224166
0.10975224203988539,350.45617411142024,258.05228225968784
0.11100173977117458,350.4608562060963,258.0644126756538
0.11415175097923307,350.46396564971593,258.0762152425396
0.11050527039587929,350.4709221973856,258.0848554318396
0.10610107237158382,350.4756213675346,258.0927716210877
0.10578602989611699,350.4792772262878,258.10603584845586
0.10983591185721804,350.482197132158,258.12304301948916
0.11269690734580713,350.48614668904554,258.1399613980633
0.11391013303734386,350.48988109497424,258.1569753992858
0.11177099649655388,350.4934797508932,258.1680539661196
0.10901159340176213,350.49486713306834,258.1786339291439
0.10826795655587698,350.5090995397514,258.1821241558098
0.10849634100624929,350.5106713370341,258.1825476275383
0.11079512654878171,350.51480274770836,258.18461717485684
0.11069736946628589,350.5172129507117,258.1883259675762
0.10969333165829402,350.5202284792303,258.19200060934963
0.10560076101488039,350.5240021587467,258.19561377942057
0.10469319962891495,350.53528733880285,258.1955659680964
0.10726007009637037,350.53868023527303,258.1955796284747
0.11082671617369301,350.5420116600407,258.1952995907188
0.11353105753840816,350.543589433739,258.1990493645731
0.1134473877210755,350.54595438673914,258.2014877421068
0.11070377276863277,350.5471701604114,258.2050189499077
0.1094248198465479,350.5500439625047,258.2098205728942
0.10831149901183582,350.5492601982974,258.20985472384007
0.11251974931420992,350.55565752422876,258.20596151601313
0.11499101047349838,350.5596787981026,258.202621553509
0.11438781939242162,350.5654357937993,258.1981546097918
0.11077677041538729,350.56784087416077,258.19282023205005
0.10886645188189935,350.56969185542584,258.18941879784336
0.10904318302667343,350.57290716697764,258.1863793636627
0.10934584578426962,350.57655448799443,258.1844942314518
0.11076311003704727,350.5796758844451,258.1854094768006
0.11085531759084244,350.58177872893583,258.18714434484974
0.11006771140217535,350.58377997436264,258.1859968730692
0.10637982946708498,350.5858111018671,258.18318283513116
0.10477046614390072,350.57614894551244,258.18378389177815
0.10698814319003923,350.5778513701631,258.1844464201276
0.10892152028208257,350.5789501768458,258.1862495900685
0.10917551794184242,350.57933864385484,258.1869804203097
0.10824917353565945,350.5819631440434,258.18814838265774
0.1040917160951307,350.5825215120081,258.1895758921943
0.10216943806048863,350.58605186603535,258.1901769488412
0.10387869957039093,350.59963625852083,258.18853087325124
0.10531645439067862,350.6011363388173,258.1850816277204
0.10713200404943263,350.6029847587614,258.17790309890273
0.10664236486330733,350.6045309428348,258.1691877775218
0.10524388363074723,350.59410807416134,258.16582049426097
0.10438242602167937,350.59506173932425,258.15783600312125
0.10186933662383119,350.59434798455595,258.15179128570577
0.10177969039097477,350.6076916128732,258.1381035866091
0.1005737351156444,350.6071895939692,258.1244773592149
0.10079187428226168,350.608915924282,258.1091709052849
0.10062965728947387,350.6124052971742,258.094431357056
0.09655586966627779,350.61164458485536,258.08495105448804
0.09603293330794868,350.612763028332,258.0754844122984
0.09884995945375581,350.61301659910487,258.0635657321967
0.09882605379166078,350.62489088297696,258.05143531623077
0.09844868584001756,350.6374567235025,258.03640206986756
0.09570679177508057,350.63562452525764,258.0258016162757
0.08937049731921115,350.63385379871534,258.01738682321826
0.08980208656749794,350.63274389297516,258.0138146342823
0.09211880135660164,350.6343455723356,258.0105156529132
0.09155488386325246,350.6222732129776,258.01245542663753
0.08774064342851685,350.62410797254336,258.01174508696386
0.08724716226098343,350.62508639714196,258.00962089813197
0.0906204286074301,350.62465268012966,258.00919742640343
0.0912210583675681,350.613974533136,258.01326138895956
0.08675154665933438,350.6151800615245,258.0153445966564
0.08243016467872533,350.6179377504019,258.0154812004398
0.08329119540097006,350.6174895192376,258.01296769082523
0.08721215754148712,350.60703506093927,258.0123871247458
0.08528049466684288,350.6093940375238,258.00839146408134
0.08390463176580183,350.60678575903455,258.0064243696004
0.0825454241209693,350.60638533919445,258.0025311617735
0.08312214821901225,350.60722459868873,257.9977500293545
0.08467644981211989,350.61107341028605,257.9910974251029
0.08245407034082038,350.61098205650586,257.98260066977537
0.08050277067231236,350.6101726790892,257.9741517257721
0.0831362354841754,350.61650341067616,257.97167236710334
0.08390676619991747,350.61990313733554,257.9695481782715
0.08191405850956625,350.62258569413206,257.97058636702536
0.08032177065930701,350.62212807145767,257.9674649705746
0.07922552529751997,350.62164568934753,257.9666316874959
0.0787427163005647,350.62445289709643,257.9592072718681
0.07841742854134284,350.6255781707622,257.95845595105936
0.07825265022761628,350.6273036473013,257.9568440264153
0.0766595019336042,350.6280370388634,257.95950780019155
0.07528578013678539,350.6302781946848,257.95974685681256
0.07587659149999149,350.6310474447401,257.9582988567085
0.0766347424978629,350.6219086516306,257.9560927056066
0.07889041914136623,350.6203821043511,257.9532445167227
0.07909404415599723,350.6210173119439,257.9551091583661
0.07610924481859505,350.6344565629096,257.95372262996455
0.07608832736426188,350.63641170455946,257.9571718754954
0.07412080599647508,350.6383361103581,257.9612358380516
0.0753374334423836,350.6418519502334,257.96864659330106
0.07830131532545262,350.6532071397285,257.97063417834954
0.0782428318306844,350.6531217623639,257.97197289542686
0.07778520915629353,350.66502848963455,257.96705515922446
0.07697667884318667,350.66416105560995,257.9636127438828
0.07828167853158884,350.6659266595104,257.95587413955315
0.07960801589104069,350.66858189555023,257.94976112024597
0.08286388169102114,350.6680952445719,257.94197470459216
0.08172452076009838,350.6676401832184,257.9393519119509
0.08028591216616446,350.6684478530878,257.9324329303216
0.07765586244888642,350.66972253714164,257.9272897978766
0.07664584155526417,350.6715812023695,257.92489923166715
0.07833162428989456,350.6731273864429,257.9270507412557
0.07924943095961502,350.6747043063675,257.93045217546234
0.08071664097069838,350.6754906318957,257.93459127009936
0.07970662674718275,350.67672860368276,257.9348303267203
0.07823856296245313,350.68743663275404,257.9302336094089
0.07482175416004765,350.6872880761396,257.9290041753583
0.07436413148565679,350.6873008827443,257.9264291940412
0.07452805602573709,350.68811282148187,257.92364247685987
0.07589580140703214,350.68924748665773,257.91929164635854
0.07795596388554385,350.6902216423881,257.9168054575007
0.07771135773589277,350.69051960939066,257.91649126879884
0.07557862449744968,350.69057595845135,257.9152208536132
0.07607125189133684,350.67833882077963,257.9109588155711
0.0757212046963737,350.67761225940666,257.89500349366995
0.07676835807350127,350.6770743820095,257.8765551527218
0.08069913861095022,350.6793770095334,257.8581887740436
0.07852201581300866,350.6799592831602,257.8429711125728
0.07593934386299098,350.6803204294126,257.830724583391
0.0736064073746085,350.6811460285285,257.81827997872324
0.07177335535610632,350.6824821842849,257.81123805368895
0.07297674931049794,350.6819229625466,257.80584220424464
0.07524778720952718,350.6837073494672,257.8043395626272
0.07610369528989441,350.6825402408928,257.7989505433721
0.07519656079075208,350.6816710993209,257.793240505226
0.0748409640670883,350.6942881662652,257.7826400516341
0.07998239563492202,350.6971312325072,257.7772168814331
0.07906501585202468,350.698910496786,257.7750858624121
0.07814848984277359,350.69664031266063,257.7734944283354
0.07691648780112592,350.6981941806968,257.77038669226306
0.07598800896082732,350.69944922795685,257.77359005098384
0.07792309360016317,350.69879438357015,257.78285861768757
0.07908507953271159,350.7124385402109,257.79240722214723
0.07844901816625414,350.7120953232051,257.8040117135471
0.07756578932920688,350.7099489362584,257.8124674877395
0.07562472827434727,350.69864155808744,257.82132624309304
0.07688916704444587,350.69830346372356,257.82432469613866
0.07846523986553293,350.6988541477254,257.82401050743687
0.07918369038885364,350.69738992592204,257.81827997872324
0.0799508060100107,350.69578910033533,257.81374473311433
0.07967119514086331,350.6953323314346,257.8087928459661
0.07692673308488095,350.6954672276707,257.8020787700119
0.07693953968957472,350.6964311381173,257.7978782036724
0.07908507953271159,350.6982744354196,257.79314488257756
0.07938048521431464,350.69660701548844,257.7895658634525
0.08010747347409787,350.69728832685814,257.78716163686465
0.08042934613873472,350.6963679588675,257.7857204669498
0.07938518096936902,350.6960136428043,257.7798396740744
0.07582066932616201,350.6952418314281,257.7744984661434
0.07455324234830152,350.6979491476604,257.77412963592826
0.07367684370042425,350.6971491617538,257.77843265510535
0.07313384366140824,350.69654298246496,257.77932057969747
0.0703381618567574,350.70670032753446,257.77563910773483
0.06966026558163363,350.717675587757,257.7697651450486
0.06986260993579525,350.7173605452815,257.76247050301504
0.06950317123072333,350.7185857104639,257.7610429934785
0.0693733976364931,350.71947448882963,257.762668578501
0.06943188113126132,350.718860625578,257.7650523145213
0.06962355331484481,350.71740323396386,257.77331684341704
0.07070656518511496,350.71638126690925,257.7858024292198
0.0696282490698992,350.7156436064789,257.79973601512665
0.0685477918504612,350.71500669133883,257.81290461984645
0.06724834836086627,350.7140666865543,257.8282793756681
0.0688871668748462,350.7140103374936,257.843059905032
0.06920563111500466,350.71439795072905,257.8547736794586
0.06871897346653463,350.713632969542,257.86883703895967
0.06700758419262332,350.71380372427126,257.88405470043045
0.06433356513256333,350.72368188535836,257.89988707892655
0.06302302258556712,350.72321487117387,257.91051485327506
0.06461531043582636,350.7223320692236,257.918267117983
0.06614954167814047,350.7220708144879,257.92322583532047
0.06281470181588174,350.72073465873154,257.9269551186073
0.06049286438490053,350.7212127719734,257.93254221334837
0.05908285720811602,350.71986722470695,257.9353357607189
0.058979123710096455,350.71890587558124,257.9364217607969
0.0614290271880154,350.7196051161975,257.9398027044361
0.06383069245492114,350.7214321918005,257.94682413890285
0.062174371581193044,350.7206962389174,257.9526434600757
0.05795544243813418,350.7211350785716,257.9600268945685
0.05661587158716543,350.7196708567683,257.9652861402294
0.058460029333175484,350.7194386303365,257.97468448052734
0.05963268743630205,350.7191372482394,257.9881604437598
0.05928690910957015,350.7201703143513,257.9971079915725
0.060424989380023525,350.71947363505603,258.00415674679596
0.05850186424184181,350.7219196965525,258.00246969007094
0.06155410502719126,350.7217873616373,258.0029409731237
0.06356388819046752,350.7214449984052,257.99748365197684
0.06665027992166703,350.72066208797156,257.9915072364531
0.06568210060681771,350.72141682387485,257.9824435754245
0.06387679623181872,350.72151586161783,257.9722119520478
0.06404370897966091,350.7220212956164,257.9654090836345
0.06399589765547081,350.72340355514973,257.95945315867823
0.06674163370181595,350.7217873616373,257.95646836601094
0.06938961933577187,350.72007810679753,257.95482229042096
0.06907116176572003,350.7208849228933,257.948115044656
0.0667740771003735,350.7188529416152,257.94072477997406
0.06523643076347438,350.7190655312531,257.9294413074652
0.06363859338451452,350.72083881911635,257.92221496732327
0.06616106762236486,350.7192175029621,257.917864136822
0.06832666447608203,350.7165067716353,257.9139299478601
0.07015161231505142,350.7162822291663,257.91217458924336
0.06967392595997365,350.7151851300309,257.9098113437906
0.06734269034877707,350.7158024083771,257.9107402495177
0.06625498272345254,350.71497766303486,257.91057632497757
0.06836380362969398,350.71564958289446,257.9078169285529
0.07125212654506972,350.7158066772454,257.90573372085606
0.07376648993328067,350.7157212998807,257.90513949439827
0.07099215246978612,350.71788903116857,257.90167658848907
0.06872068101382714,350.7191099274827,257.89787900331055
0.06901523959189056,350.72143987576334,257.8905570405203
0.070061966082195,350.7203000879456,257.8809674549256
0.07495536973568602,350.72333781457894,257.8692810012557
0.07693356327405096,350.7234419749638,257.8570686230197
0.07690709629101716,350.72257368716555,257.8440434522725
0.07560423770683723,350.72130924839547,257.8360657913219
0.07238977992869998,350.718986130304,257.83004839466315
0.07301303469046364,350.7195504746842,257.82508284713657
0.07417715505712769,350.7182749368567,257.81941379012545
0.07601191462292237,350.7183159179917,257.81476243130066
0.07587701838681461,350.71926360673905,257.8080551855357
0.07410671873131193,350.7194138709008,257.8036155625752
0.07425612911940596,350.7182774981776,257.80005020382845
0.07538823297433557,350.71919530484735,257.79386205244043
0.07725416194832505,350.7209523710113,257.7920042409862
0.07769385537614461,350.7208021068496,257.7923935617689
0.07588427546280775,350.7216908852153,257.78988005215433
0.07463392395787229,350.7232336541941,257.79053575031463
0.07516070229760952,350.72189066824853,257.79439480719566
0.07613229670704384,350.72342233816994,257.8003643925303
0.07616559387924765,350.72296044662727,257.8097422422607
0.07695320006791474,350.72484216374363,257.82112133741794
0.07740101101548032,350.7261595364798,257.83790994239786
0.0756187518588235,350.72483704110175,257.8563719437244
0.07487639567340774,350.7248336260072,257.86943126541746
0.07407939797463188,350.7263704185704,257.87698545463945
0.07441962677266314,350.7267930365253,257.8778870396099
0.07364994983056733,350.7255174986978,257.88263402108305
0.07358933190168346,350.7268374327549,257.8867457949634
0.07605844528664307,350.72751532903004,257.89755115423037
0.07660357975977472,350.72811382435606,257.9092717588461
0.07758884121765566,350.72899064989076,257.92371077875157
0.0797390701457403,350.7281804187005,257.9353425909081
0.07710858687153253,350.72940046124097,257.9437437235872
0.07872734837493217,350.72808394227843,257.9556419131213
0.08316355624085545,350.72805491397446,257.97118059348315
0.0835533039103693,350.7296540320139,257.9873066701135
0.0824147967530928,350.7278790366033,258.0038084071483
0.08144917875918226,350.7266231355697,258.0201393894538
0.08259067412422064,350.7257599704134,258.03640206986756
0.08552253949555522,350.7252699043404,258.05287648614564
0.08421711959043653,350.7241164561443,258.0683468646157
0.08247370713468416,350.72609038081447,258.0818638089832
0.0804588013295304,350.72618771101014,258.0954900363773
0.08052753010805365,350.72498303639526,258.10921871660906
0.08298511754878887,350.72503255526675,258.12345283083937
0.08377058930334033,350.72557897040036,258.12850034063604
0.08170573773988085,350.72386630046594,258.12949071806565
0.08115121175664045,350.7119698184791,258.1284115481768
0.08112047590537538,350.71202189867154,258.125727283833
0.08191021652815811,350.7109119929314,258.1254745668337
0.086882600914034,350.71131668163974,258.12179992506026
0.0870943367783044,350.71169148827045,258.11819358517846
0.0842265111005453,350.7131753468676,258.1117663771695
0.08199644766642952,350.7139061771088,258.1008653952542
0.0827392307386684,350.7152406253179,258.08946580952943
0.0839917233478261,350.7152030592774,258.07456233676044
0.08385511289431924,350.7170463565797,258.0633130151974
0.08300176613489077,350.7157691112049,258.0531155427666
0.08217019060344172,350.71362016293733,258.0435396175502
0.08347987937679166,350.7112637476736,258.03802765489
0.08396568325161544,350.71382762993335,258.0315253148002
0.0845957682025491,350.7133008515936,258.02720863524473
0.08324807983183435,350.71175125242564,258.0264231634902
0.08288437225853118,350.71171027129066,258.0272427861906
0.08177617406569661,350.71112202124834,258.0286293145921
0.08017492159215174,350.70895087486593,258.030193427912
0.07865648516229329,350.7087835352313,258.02668954086784
0.07740826809147346,350.70921895979086,258.02024184229134
0.07411482958095132,350.71236596945096,258.01345263425634
0.07288198043576402,350.70982001643785,258.00725082248994
0.07414001590351574,350.71222765812024,258.00115146356114
0.07350779651846644,350.71311558271236,257.99192387799246
0.07177847799798383,350.71341013462035,257.98271678299125
0.07384461022191269,350.7134750214174,257.97521040509343
0.07373746162930811,350.7168320593945,257.9631892721542
0.07263609362564356,350.7188734321827,257.95033485613624
0.07178658884762322,350.7195812105354,257.9349601003146
0.06876891922484035,350.72265394188827,257.9146607781013
0.06972984813380313,350.7211478851763,257.8960690031805
0.06959153680311038,350.7214134087803,257.88058496433206
0.06816444748329423,350.7203589983272,257.87081779381896
0.0681110866304035,350.7209617625214,257.8641856801349
0.06921929149334469,350.72170454559364,257.85690469847964
0.06875824705426221,350.720407663425,257.8493641696359
0.06759071159301315,350.7213194936792,257.8419943955215
0.0669461124900932,350.72296300794824,257.83555352713415
0.06965898492116425,350.724421253336,257.82872333796416
0.06858151590948813,350.72420183350897,257.81911326180193
0.06900414053448928,350.72562507417723,257.8120508462002
0.06971832218957874,350.7246637250516,257.80638178918906
0.06905536695326438,350.7236494419598,257.80031658120606
0.06931534102854799,350.7245108995689,257.7982402036984
0.07053410290857214,350.7243999089949,257.7964848450817
0.07058447555370098,350.72749825355714,257.78886235396794
0.07053452979539526,350.72582229588954,257.78309767430846
0.07050507460459958,350.7281770036059,257.77218986220396
0.07205638131983873,350.726221861956,257.7623270690425
0.07287685779388652,350.7267964516199,257.7572385781108
0.0727492186337719,350.7268391403022,257.753468313689
0.07128414305680417,350.72791404132283,257.75424695525436
0.07112363361130886,350.72853644231094,257.7549641251172
0.0708000533993795,350.72751276770913,257.7570541630032
0.07162351808118916,350.72591706476425,257.7598477103738
0.07158296383299222,350.7247866684566,257.76107714442435
0.07191465489456096,350.7253877251036,257.75928080467264
0.06951981981682524,350.72392435707394,257.75582472895263
0.06964959341105549,350.7236238287504,257.75069525688593
0.06968032926232054,350.7252220930162,257.7442202375528
0.07022034109357468,350.72147317293553,257.73814819938065
0.07201625395846491,350.7221818050619,257.7290503874062
0.07208882471839628,350.7211350785716,257.7201574811068
0.07140367136727939,350.72163026728646,257.71173585786016
0.0703928033701175,350.721578187094,257.7053291404187
0.06942505094209131,350.72019763510804,257.70295223458754
0.06873519516581342,350.7185583897072,257.70284295156085
0.07160772326873352,350.7166937480638,257.7051105743653
0.07420917156886213,350.7153917432533,257.70761725379066
0.07426381308222223,350.715445530993,257.7144884240957
0.07375069512082502,350.71501266775437,257.7187641225161
0.0702092420361734,350.7150570639839,257.7219538208585
0.0719599048978123,350.7011456761919,257.7272813684111
0.0745861126336822,350.70274991687324,257.7274999344646
0.07553038628643646,350.70244597345516,257.7264685758999
0.07562686270846289,350.701546096032,257.72537574563273
0.07329093801231853,350.70166135547424,257.72551917960527
0.07076803688764507,350.70120117147894,257.7270013306552
0.0681674356910561,350.7020583602198,257.7306759724286
0.06764407244590388,350.7006743931392,257.73170050080415
0.07094690246653478,350.6998624544016,257.73136582153484
0.07201625395846491,350.69950386947016,257.72789608543644
0.07374044983707,350.69957900155106,257.72783461373393
0.07223396623825906,350.7097824503974,257.72571725509124
0.06771536254536589,350.70942898810785,257.7192149150014
0.06637152282616587,350.7086025352183,257.716148160064
0.06888417866708432,350.70920956828076,257.7166535940626
0.07267451343972488,350.71188273356717,257.71745272619546
0.07041670903221255,350.7119809175365,257.7202189528093
0.06753350875871429,350.7096253560465,257.7280258590307
0.06627632706460883,350.7111416580422,257.729084538352
0.06714333420237732,350.70971329473207,257.7289137836228
0.07130932937936858,350.708974780528,257.7326225763421
0.07125639541330099,350.71010517683567,257.73754714273366
0.07155265486855028,350.7127578515546,257.74060023729265
0.07260066201932412,350.7140333893821,257.7424375581794
0.07374301115800876,350.7142391488308,257.7431137469072
0.07442304186724814,350.7138310450279,257.74195261474836
0.07478119991185068,350.71190237036103,257.7415701241548
0.07422795458907966,350.70970390322196,257.7390361239727
0.07280257948666262,350.70977562020823,257.7352658595509
0.07240770917527126,350.72200165882253,257.73226740650523
0.07191892376279223,350.72457834768693,257.73449404817467
0.07178872328173885,350.7235555268587,257.7423897468552
0.07093153454090226,350.7255832392686,257.75417182317346
0.06938364292024811,350.7263089468679,257.7667735221921
0.06833477532572142,350.7229903287049,257.7800787306953
0.06834032485442205,350.72361529101397,257.7913690333934
0.06893924706726755,350.724882291105,257.80230416625454
0.07079749207844076,350.72622271572965,257.8157049974061
0.06997957692533173,350.7252827109451,257.83014401731157
0.07020796137570402,350.72543126755954,257.8393784330694
0.06999835994554926,350.7255431119072,257.8444532636227
0.07010678919862322,350.7244332061671,257.845108961783
0.07146258174887074,350.722678701324,257.8462974146986
0.06953006510058027,350.7212272861254,257.84521824480976
0.06759369980077504,350.7190808991787,257.84255447103345
0.06757448989373438,350.715877540458,257.8396721312037
0.07150825863894521,350.7145857809312,257.84096303695685
0.07356798756052718,350.7134630685864,257.8444327730552
0.07353767859608525,350.71370724784924,257.85000620741795
0.070601551026626,350.7163232103013,257.8521986981415
0.06907372308665878,350.7161046442479,257.84960322625693
0.07166748742397112,350.71455504508,257.8469667732373
0.07521022116909211,350.7152133045612,257.8414274898204
0.07814464786136545,350.71375932804165,257.83950137647446
0.07635641228918488,350.7143902667662,257.8386612632065
0.07168072091548802,350.71422804977345,257.83843586696395
0.06695080824514758,350.713270969516,257.8401980557698
0.06760864083958444,350.7123318185051,257.8456348863491
0.07051830809611648,350.71204836565454,257.8503750376331
0.0739722493820273,350.7111962995556,257.8507370376591
0.07234538369909489,350.71223107321487,257.8476224713976
0.06688720210850184,350.7113107052242,257.84188511249477
0.062021546098514006,350.71136193164295,257.8349114893522
0.06236476310430715,350.71114763445775,257.83153054571306
0.07020796137570402,350.7094460635808,257.8292697530978
0.07662577787457726,350.71003687494397,257.82806763980386
0.07563241223716353,350.70991393153895,257.829720545583
0.07053794488998026,350.7079357380006,257.8345494893262
0.06029991154084767,350.70955363906023,257.8391735273943
0.056350347983181184,350.70956303057034,257.8442756787043
0.13534629488124542,350.70811246914536,257.91117738162455
0.1461188238834646,350.7094742381111,257.9144217214803
0.14554466110636038,350.70854447861035,257.918506174604
0.13520627600326016,350.70792634649047,257.922966288132
0.13366777589271478,350.7077581530821,257.927303458255
0.1408356592202465,350.7086435163533,257.92974866597785
0.1457785950854333,350.71083173820864,257.93190700575553
0.14312206504490826,350.7114199882509,257.9361553834193
0.13135490308501924,350.71015042683894,257.94151708191777
0.12111386151780491,350.7084702003031,257.94743885592817
0.11727143988263639,350.7071033086955,257.9522336487255
0.1240260834251691,350.7079417144161,257.9598902907851
0.1314637592249163,350.7088296390082,257.968885649922
0.13423083961241772,350.71199372414117,257.9786323298676
0.12455414242537571,350.7219581163666,257.9911998779404
0.11323437119633573,350.7200098049058,258.00048893521165
0.10760371398898663,350.7201310407636,258.0071005583282
0.11348025800645618,350.72001834264233,258.00921108678176
0.12206966111478357,350.7179727009859,258.01220270963825
0.12096231669559525,350.71461224791426,258.0148801437929
0.111832468199084,350.7133221959348,258.0164784080587
0.10321232256938495,350.71160184203757,258.021273200856
0.10839474194234534,350.71158818165924,258.0267988238945
0.11412528399619927,350.7118272382802,258.03240640920313
0.12113904784036933,350.7135603987821,258.0407460701797
0.12037107844556602,350.7123531628463,258.0472142593237
0.11139533609220319,350.7108590589653,258.05121675017733
0.10515509117153705,350.7095792522696,258.05519875046343
0.1037344051540678,350.71025629477106,258.0549255428966
0.10999343309495145,350.70775046911933,258.0521866370395
0.1131511282658262,350.70603865295857,258.04637414605577
0.11222775872719187,350.70527025667695,258.0396122587775
0.10561100629863542,350.70511913874157,258.0281785221069
0.09723504660187093,350.70571507274667,258.0144088607401
0.09593645688592226,350.7038786056336,258.00121976545284
0.09968666429718899,350.7062008699514,257.9914184439939
0.10533523741089615,350.7065978746969,257.98179470745333
0.10238928477439842,350.704237190565,257.9774302165737
0.09803503250840867,350.70514987459285,257.96762206492554
0.0924953155345986,350.70110384128327,257.9572196868196
0.0931505868080967,350.71155488448704,257.94295825183264
0.09873896887974311,350.7132820685734,257.9320094585931
0.1003487657598571,350.7134152572622,257.9219280993782
0.09553731770629964,350.71212093641446,257.916416136718
0.0917905253896179,350.7106225636653,257.91024847589745
0.08712806083733134,350.71071733254007,257.9061571925846
0.08693809620104036,350.71049620516567,257.901635607354
0.09067592389443645,350.7100471202277,257.897735569338
0.09627583191030727,350.7115267099567,257.89296126710815
0.09601116207996926,350.710287884396,257.8903521348452
0.09162489330224509,350.7098985636133,257.88662968174754
0.08655560560751964,350.7095826673642,257.8824769267322
0.08482628708703704,350.7087784125894,257.8787613038237
0.09008041677617595,350.7077820587442,257.87294881284004
0.09262679667612134,350.7092975069663,257.86881654839215
0.09125392865294878,350.7097064645429,257.8655448877797
0.09048083661626796,350.70968170510713,257.86031296287547
0.09017603942455614,350.7080971012197,257.85558647196984
0.09048766680543797,350.70911992204793,257.85091462257753
0.09242402543513659,350.7116522146827,257.84241786725005
0.09269082969959021,350.71423744128356,257.8280266586688
0.09043473283937037,350.7242914797418,257.8111287706622
0.08908362937407062,350.72244476734494,257.80232465682207
0.08746402076713133,350.7212785125442,257.79599307146145
0.08763477549638166,350.72256771075,257.79142367490675
0.086614515989111,350.72371518253055,257.7914373352851
0.08747426605088636,350.73371714079644,257.7846686178176
0.08690522591565968,350.7357508296218,257.776369937976
0.08544911496197757,350.73535894751814,257.7659743900593
0.08489928473379155,350.7313965840259,257.75909638956506
0.08479000170707135,350.73090224908475,257.7528057853395
0.08240967411121529,350.7297846593818,257.74641272827637
0.0826115915785538,350.7294747395482,257.7398420862948
0.08153327546333804,350.72842886683156,257.72884548173107
0.08093734145825442,350.7278081733907,257.71513729206686
0.08202462219675583,350.7295174282305,257.6980208380068
0.08282375432964731,350.7293287442547,257.68792581841353
0.08366600203167451,350.7302550886609,257.6823045727266
0.08129635327650321,350.7321163152097,257.68452438420684
0.08108632495952532,350.733344041713,257.6856377050416
0.08130873299437386,350.7377298769338,257.6833291011021
0.08214073541264603,350.73641848061317,257.67915585551924
0.08264574252440386,350.73793478260893,257.67725706293
0.08259494299245189,350.7379219760042,257.6764032892837
0.08319002322388924,350.74785904747296,257.6750167608822
0.0824280302446097,350.748930533399,257.6736302324807
0.08153540989745366,350.7471060191169,257.6746615910454
0.08245961986952101,350.75823922746406,257.66944332651946
0.08343804446812533,350.7583092369031,257.6693613642494
0.08387346902771364,350.75715066606506,257.6716153266755
0.08182142406894795,350.75503074610145,257.6801872140839
0.07931773285131515,350.754143675283,257.69140238470106
0.07626761982997471,350.7516327269894,257.69573272463487
0.07627359624549848,350.75270506668903,257.70069144197225
0.07601319528339175,350.7534239440992,257.70672932919854
0.07654893824641461,350.75233623647387,257.71326582023426
0.07371611728815182,350.7526094440407,257.724262424798
0.07395944277733353,350.76199924660216,257.7337905386902
0.07569857969474802,350.76002361438475,257.7397532938356
0.07705565290546494,350.7565171660196,257.7452311055499
0.08036189802068085,350.7562610339257,257.74745774721936
0.08096551598858072,350.75573852445416,257.7464878603572
0.07973608193797843,350.7563498263849,257.74620099241207
0.07883919272259113,350.75599038767984,257.744712011173
0.07581682734475387,350.7588488218475,257.74254001101696
0.07590903489854904,350.7590614114854,257.7414813316956
0.07532676127180546,350.7564352037495,257.73941178437707
0.07539292872938996,350.75604417541956,257.7353205010643
0.07491481548748906,350.7574221660846,257.7316458592908
0.07367727058724738,350.7554943451914,257.72336083982754
0.07261090730307913,350.7545671470115,257.7208268396455
0.071728105352855,350.749891028751,257.71832699040925
0.06971234577405498,350.7461472313122,257.7163735563066
0.07123718550626032,350.74609600489345,257.7170360846561
0.07192959593337037,350.7451005048219,257.7186206885436
0.072070895471825,350.7447316746067,257.7166126129276
0.07231464784782983,350.74367982547454,257.711367027645
0.071266640697056,350.7428439810748,257.7057935932823
0.07385656305296022,350.7400034761538,257.6975632153324
0.07452805602573709,350.7418390894932,257.6883151391962
0.07459465037014472,350.7401469101263,257.6827348746443
0.07467234377195361,350.73834032509086,257.67525581750317
0.0741690442074883,350.7366592447814,257.6710757417311
0.07356585312641155,350.73660033439984,257.66699128860745
0.07372380125096809,350.73796551846016,257.66147932594725
0.07316927526772768,350.73606074945536,257.6605709107876
0.07293875638323975,350.7346597069019,257.66172521275735
0.072342395491333,350.73318438604116,257.6635761940224
0.07270098042275869,350.73274127751876,257.66759917544357
0.07429412204666415,350.73568167395644,257.670187817139
0.07508471644309313,350.7374882589919,257.6705976284892
0.07416605599972642,350.7396952638675,257.67082985492095
0.07329520688054979,350.7405063488314,257.6678109113078
0.07185531762614648,350.74022887239636,257.66378109969753
0.07125938362106286,350.74023741013286,257.66246287318774
0.07003251089139932,350.7403193724029,257.65581026893614
0.0703381618567574,350.73954499970574,257.6599766843298
0.06970338115076934,350.7388858864508,257.6631527222939
0.06978491653398636,350.7379492967609,257.6739990626959
0.07046067837499449,350.73750789578577,257.68200404440313
0.0715116737335302,350.7378647731699,257.6890391392482
0.07183055819040518,350.73674462214603,257.6962449888226
0.06909677497510758,350.73344820209786,257.70123785710587
0.06834886259088457,350.7336052964488,257.7074328386831
0.07022332930133655,350.73422172102136,257.71254182018225
0.07123889305355283,350.7216592955904,257.71835431116597
0.07314323517151701,350.7212904653752,257.7216464623459
0.0724200888931419,350.7241164561443,257.7210317453206
0.068645548932957,350.7236050457302,257.7211615189148
0.0689533343324307,350.72665472519463,257.7190714810288
0.06992536229879474,350.72829994701095,257.7139693297188
0.07001756985258992,350.73813285809484,257.70622389519997
0.07061734583908166,350.73693330612184,257.7039152912605
0.07136567844002119,350.7365900891161,257.7016886495911
0.06967862171502803,350.73566203716257,257.697146573793
0.06805174936198902,350.7353879758221,257.6925976678058
0.06794075878797631,350.73213082936167,257.6910950261884
0.06950530566483896,350.7335045511585,257.6877550636843
0.07011361938779323,350.7345461550069,257.6866622334171
0.06703447806248024,350.7346340936925,257.68496151631376
0.06470837176326777,350.73400059364695,257.68474978044947
0.06401425378886523,350.7343643012203,257.68489321442206
0.06526503218062381,350.7351548956167,257.6875160070633
0.06845643807031226,350.73391094741413,257.6898929128945
0.06808974228924722,350.73209326332125,257.69331483766865
0.06348534101501237,350.71990820584193,257.6970441209555
0.06120747292681311,350.7172674839541,257.6992229513007
0.06458201326362253,350.70550077556146,257.70058215894556
0.07090549444469157,350.70804758234823,257.7008075551882
0.0728354497720433,350.71039887497,257.6983145361411
0.06806242153256715,350.70921895979086,257.69723536625224
0.06560483409183195,350.70834128048256,257.6945579320976
0.06546310766655418,350.70747640777887,257.69117698845844
0.06816957012517173,350.709339341875,257.6870447240106
0.07190398272398282,350.7092761626252,257.67962713857196
0.07395474702227915,350.70724076625254,257.67309747772543
0.0711407090842339,350.7062068463669,257.66246970337687
0.06656276812292623,350.70754214834966,257.6509266836796
0.06508531282808785,350.6952076804822,257.6430651359449
0.06680011719658419,350.6970791523148,257.63021071992694
0.070727055752625,350.69690839758556,257.6196717380376
0.0739210229632522,350.69692974192674,257.60670120880377
0.0705831948932316,350.6958463031696,257.5935940757865
0.06615381054637172,350.6955611427718,257.5818324900357
0.06128730076273764,350.6974642042293,257.5722702251977
